<?xml version="1.0"?>
<metadata xml:lang="en"><Esri><CreaDate>20140616</CreaDate><CreaTime>14230000</CreaTime><SyncOnce>FALSE</SyncOnce><SyncDate>20090929</SyncDate><SyncTime>10311700</SyncTime><ModDate>20090929</ModDate><ModTime>10311700</ModTime><ArcGISstyle>ISO 19139 Metadata Implementation Specification</ArcGISstyle><DataProperties><itemProps><itemLocation><linkage Sync="TRUE">file://\\SO136\C$\Documents and Settings\support\Desktop\Shp fo CARE\National_boundary</linkage><protocol Sync="TRUE">Local Area Network</protocol></itemLocation></itemProps><copyHistory><copy source="C:\Documents and Settings\support\Desktop\Trainings\Basic GIS\Mxd package\Shapefiles\National_boundary" dest="\\SO136\C$\Documents and Settings\support\Desktop\Shp fo CARE\National_boundary" date="20140616" time="14230000"></copy></copyHistory></DataProperties></Esri><idinfo><citation><citeinfo><onlink Sync="TRUE">\\02WS002\SWALIM-Temps\admin-final-layers\sm-national.shp</onlink><origin>REQUIRED: The name of an organization or individual that developed the data set.</origin><pubdate>REQUIRED: The date when the data set is published or otherwise made available for release.</pubdate><title Sync="TRUE">sm-national</title><ftname Sync="TRUE">sm-national</ftname><geoform Sync="TRUE">vector digital data</geoform></citeinfo></citation><native Sync="TRUE">Microsoft Windows XP Version 5.1 (Build 2600) Service Pack 2; ESRI ArcCatalog 9.0.0.535</native><descript><langdata Sync="TRUE">en</langdata><abstract>REQUIRED: A brief narrative summary of the data set.</abstract><purpose>REQUIRED: A summary of the intentions with which the data set was developed.</purpose></descript><timeperd><current>REQUIRED: The basis on which the time period of content information is determined.</current><timeinfo><sngdate><caldate>REQUIRED: The year (and optionally month, or month and day) for which the data set corresponds to the ground.</caldate></sngdate></timeinfo></timeperd><status><progress>REQUIRED: The state of the data set.</progress><update>REQUIRED: The frequency with which changes and additions are made to the data set after the initial data set is completed.</update></status><spdom><bounding><westbc Sync="TRUE">40.989506</westbc><eastbc Sync="TRUE">51.414127</eastbc><northbc Sync="TRUE">11.985943</northbc><southbc Sync="TRUE">-1.660061</southbc></bounding><lboundng><leftbc Sync="TRUE">40.989506</leftbc><rightbc Sync="TRUE">51.414127</rightbc><bottombc Sync="TRUE">-1.660061</bottombc><topbc Sync="TRUE">11.985943</topbc></lboundng></spdom><keywords><theme><themekt>REQUIRED: Reference to a formally registered thesaurus or a similar authoritative source of theme keywords.</themekt><themekey>REQUIRED: Common-use word or phrase used to describe the subject of the data set.</themekey></theme></keywords><accconst>REQUIRED: Restrictions and legal prerequisites for accessing the data set.</accconst><useconst>REQUIRED: Restrictions and legal prerequisites for using the data set after access is granted.</useconst><natvform Sync="TRUE">Shapefile</natvform></idinfo><distInfo><distributor><distorTran><onLineSrc><linkage Sync="TRUE">file://\\02WS002\SWALIM-Temps\admin-final-layers\sm-national.shp</linkage><protocol Sync="TRUE">Local Area Network</protocol><orDesc>003</orDesc><orFunct><OnFunctCd value="002"></OnFunctCd></orFunct></onLineSrc><transSize Sync="TRUE">0.037</transSize><offLineMed><medName><MedNameCd value="001"></MedNameCd></medName></offLineMed></distorTran><distorFormat><formatName Sync="TRUE">Shapefile</formatName><formatVer>ArcGIS 9</formatVer></distorFormat><distorCont><rpIndName>Craig von Hagen</rpIndName><rpOrgName>Food &amp; Agriculture Organisation - Somalia Water &amp; Land Information Management</rpOrgName><rpPosName>Spatial Data Coordinator</rpPosName><rpCntInfo><cntAddress><delPoint>PO Box 30470</delPoint><city>Nairobi</city><postCode>00100</postCode><eMailAdd>enquiries@faoswalim.org</eMailAdd><country>ke</country></cntAddress><cntPhone><voiceNum>+254 20 374 3454</voiceNum><faxNum>+254 20 374 3498</faxNum></cntPhone></rpCntInfo><role><RoleCd value="005"></RoleCd></role></distorCont><distorOrdPrc><ordInstr>Contact enquiries@faoswalim.org</ordInstr><resFees>N/A</resFees><ordTurn>7 Days</ordTurn></distorOrdPrc></distributor></distInfo><dataqual><lineage><procstep><procdesc Sync="TRUE">Dataset copied.</procdesc><srcused Sync="TRUE">\\02ws007\data\SWALIM\Final-Data\soadmin1_polyt</srcused><date Sync="TRUE">20060202</date><time Sync="TRUE">11015300</time></procstep><procstep><procdesc Sync="TRUE">Dataset copied.</procdesc><srcused Sync="TRUE">c:\gis\data\dataset\04_admnstr\deg-scale\disbnd2s</srcused><date Sync="TRUE">20060202</date><time Sync="TRUE">11294300</time></procstep></lineage></dataqual><dataIdInfo><envirDesc Sync="TRUE">Microsoft Windows XP Version 5.1 (Build 2600) Service Pack 2; ESRI ArcCatalog 9.0.0.535</envirDesc><dataLang><languageCode Sync="TRUE" value="en"></languageCode></dataLang><idCitation><resTitle>Somalia Administration Boundaries</resTitle><presForm><PresFormCd Sync="TRUE" value="005"></PresFormCd></presForm><resEdDate>20061019</resEdDate><resRefDate><refDate>19960101</refDate><refDateType><DateTypCd value="001"></DateTypCd></refDateType></resRefDate><resRefDate><refDate>20061019</refDate><refDateType><DateTypCd value="003"></DateTypCd></refDateType></resRefDate><resRefDate><refDate>20010321</refDate><refDateType><DateTypCd value="002"></DateTypCd></refDateType></resRefDate><resEd>3</resEd><citRespParty><rpIndName>Craig von Hagen</rpIndName><rpOrgName>Food &amp; Agriculture Organisation - Somalia Water &amp; Land Information Management</rpOrgName><rpPosName>Spatial Data Coordinator</rpPosName><role><RoleCd value="010"></RoleCd></role><rpCntInfo><cntAddress><delPoint>PO Box 30470</delPoint><city>Nairobi</city><postCode>00100</postCode><eMailAdd>enquiries@faoswalim.org</eMailAdd><country>ke</country></cntAddress><cntPhone><voiceNum>+254 20 374 3454</voiceNum><faxNum>+254 20 374 3498</faxNum></cntPhone></rpCntInfo></citRespParty><citRespParty><rpIndName>James Kimathi Geoffrey</rpIndName><rpOrgName>UNITED NATIONS DEVELOPMENT PROGRAMME (UNDP) SOMALIA</rpOrgName><rpPosName>Contact</rpPosName><rpCntInfo><cntAddress><delPoint>P.O.  BOX  28832</delPoint><city>Nairobi</city><eMailAdd>Kimathi.geoffrey@undp.org</eMailAdd><country>ke</country></cntAddress><cntPhone><voiceNum>+254-20-4448434-8 Ext. 155</voiceNum><faxNum>+254-20-4448439</faxNum></cntPhone></rpCntInfo><role><RoleCd value="007"></RoleCd></role></citRespParty></idCitation><spatRpType><SpatRepTypCd Sync="TRUE" value="001"></SpatRepTypCd></spatRpType><dataExt><geoEle><GeoBndBox esriExtentType="native"><westBL Sync="TRUE">40.989506</westBL><eastBL Sync="TRUE">51.414127</eastBL><northBL Sync="TRUE">11.985943</northBL><southBL Sync="TRUE">-1.660061</southBL><exTypeCode Sync="TRUE">1</exTypeCode></GeoBndBox></geoEle><tempEle><TempExtent><exTemp><TM_GeometricPrimitive><TM_Period><begin>19960101</begin><end>20061019</end></TM_Period></TM_GeometricPrimitive></exTemp></TempExtent></tempEle></dataExt><geoBox esriExtentType="decdegrees"><westBL Sync="TRUE">40.989506</westBL><eastBL Sync="TRUE">51.414127</eastBL><northBL Sync="TRUE">11.985943</northBL><southBL Sync="TRUE">-1.660061</southBL><exTypeCode Sync="TRUE">1</exTypeCode></geoBox><idAbs>This dataset contains the administrative bundaries of Somalia (district, regions, zones).

The boundaries were first created by USAID/FEWS and modified by UNDP - Data &amp; Information Management Unit (DIMU) in 21/03/2001

This layer contains the first level (International) boundary at a 1:1,000,000 scale. The coverage is part of the Famine Early Warning System (FEWS)/Associates in Rural Development (ARD), African series.

The coastline was digitized from LANDSAT TM images at a scale of 1:50000 by DIMU. This coastline was then added to the boundaries and the original coastline amended.

Acknowledgement of USAID, FEWS, EDC-International Program, ADDS (Africa Data Dissemination Service), UNDP and the U.S Geological Survey would be appreciated in products derived from these data.

The source of the second (region) and third (district) level boundaries are from the Digital Chart of the World (DCW).

The names of the regions and districts have been agreed upon by the Statistical Working Group at very high levels by statistical focal points from UN agencies, and Ministries from within the Transitional Federal government of Somalia. The names have also been endorsed by the Somalia Interagency Mapping and Coordination group (SIMaC).

This layer was compiled using the pre-war boundaries and the names adopted by this statistical working group.  Additional columns hold "alternate" spellings such as anglicized names.

Field Names and Description
REG_NAME: Regional name as agreed by the Statistical Working Group and SIMaC
REG_CODE: Region code as agreed by the Statistical Working Group and SIMaC
REG_ALT: Other names and spellings that have been used in the past for the regions
DIST_NAME: Distric name as agreed by the Statistical Working Group and SIMaC
DIST_CODE: District code as agreed by the Statistical Working Group and SIMaC
DIST_ALT: Other names and spellings that have been used in the past for the districts
ZONE: Zones as agreed by the Statistical Working Group and SIMaC
NOTE: Includes other information regarding the districts and regions. In some regions, new districts have been created for administration purposes, but as yet no boundary has been established for these districts. Consequently these districts are not reflected in this layer as polygons</idAbs><tpCat><TopicCatCd value="003"></TopicCatCd></tpCat><resMaint><maintFreq><MaintFreqCd value="009"></MaintFreqCd></maintFreq></resMaint><resConst><Consts><useLimit>The data should not be used for navigation or for producing maps requiring high geodetic accuracy. Use of these boundaries does not imply official UN endorsement.

The absolute horizontal accuracy of the DCW for all features derived from Operational Navigation Charts (ONC) is 2040 meters (6700 feet) rounded to the nearest 5 meters at 90% Circular Error (CE), World Geodetic System (WGS84).
The absolute vertical accuracy of the DCW for all features derived from Jet Navigation Charts is 4270 meters.
The accuracy of the coastline is  25 m.

In some regions, new districts have been created for administration purposes, but as yet no boundary has been established for these districts. Consequently these districts are not reflected in this layer as polygons</useLimit></Consts></resConst><dataScale><equScale><rfDenom>1,000,000</rfDenom></equScale></dataScale><descKeys KeyTypCd="005"><keyTyp><KeyTypCd value="005"></KeyTypCd></keyTyp><keyword>boundaries</keyword><keyword>administration</keyword><keyword>region</keyword><keyword>zone</keyword><keyword>district</keyword></descKeys><descKeys KeyTypCd="002"><keyTyp><KeyTypCd value="002"></KeyTypCd></keyTyp><keyword>Somalia</keyword><keyword>Horn of Africa</keyword><keyword>East Africa</keyword></descKeys><idPoC Sync="TRUE"><rpIndName Sync="TRUE">James Kimathi Geoffrey</rpIndName><rpOrgName Sync="TRUE">UNITED NATIONS DEVELOPMENT PROGRAMME (UNDP) SOMALIA</rpOrgName><rpPosName Sync="TRUE">Contact</rpPosName><rpCntInfo><cntPhone><voiceNum Sync="TRUE">+254-20-4448434-8 Ext. 155</voiceNum><faxNum Sync="TRUE">+254-20-4448439</faxNum></cntPhone><cntAddress><delPoint Sync="TRUE">P.O.  BOX  28832</delPoint><city Sync="TRUE">Nairobi</city><country Sync="TRUE">ke</country><eMailAdd Sync="TRUE">Kimathi.geoffrey@undp.org</eMailAdd></cntAddress></rpCntInfo><role><RoleCd Sync="TRUE" value="007"></RoleCd></role></idPoC></dataIdInfo><metainfo><langmeta Sync="TRUE">en</langmeta><metstdn Sync="TRUE">FGDC Content Standards for Digital Geospatial Metadata</metstdn><metstdv Sync="TRUE">FGDC-STD-001-1998</metstdv><mettc Sync="TRUE">local time</mettc><metc><cntinfo><cntorgp><cntper>REQUIRED: The person responsible for the metadata information.</cntper><cntorg>REQUIRED: The organization responsible for the metadata information.</cntorg></cntorgp><cntaddr><addrtype>REQUIRED: The mailing and/or physical address for the organization or individual.</addrtype><city>REQUIRED: The city of the address.</city><state>REQUIRED: The state or province of the address.</state><postal>REQUIRED: The ZIP or other postal code of the address.</postal></cntaddr><cntvoice>REQUIRED: The telephone number by which individuals can speak to the organization or individual.</cntvoice></cntinfo></metc><metd Sync="TRUE">20061019</metd><metextns><onlink Sync="TRUE">http://www.esri.com/metadata/esriprof80.html</onlink><metprof Sync="TRUE">ESRI Metadata Profile</metprof></metextns></metainfo><mdLang><languageCode Sync="TRUE" value="en"></languageCode></mdLang><mdStanName Sync="TRUE">ISO 19115 Geographic Information - Metadata</mdStanName><mdStanVer Sync="TRUE">DIS_ESRI1.0</mdStanVer><mdChar><CharSetCd Sync="TRUE" value="004"></CharSetCd></mdChar><mdHrLv><ScopeCd Sync="TRUE" value="005"></ScopeCd></mdHrLv><mdHrLvName Sync="TRUE">dataset</mdHrLvName><distinfo><resdesc Sync="TRUE">Downloadable Data</resdesc><stdorder><digform><digtinfo><transize Sync="TRUE">0.058</transize><dssize Sync="TRUE">0.058</dssize></digtinfo></digform></stdorder></distinfo><spdoinfo><direct Sync="TRUE">Vector</direct><ptvctinf><esriterm Name="sm-national"><efeatyp Sync="TRUE">Simple</efeatyp><efeageom Sync="TRUE">Polygon</efeageom><esritopo Sync="TRUE">FALSE</esritopo><efeacnt Sync="TRUE">1</efeacnt><spindex Sync="TRUE">TRUE</spindex><linrefer Sync="TRUE">FALSE</linrefer></esriterm><sdtsterm Name="sm-national"><sdtstype Sync="TRUE">G-polygon</sdtstype><ptvctcnt Sync="TRUE">1</ptvctcnt></sdtsterm><esriterm Name="label"><efeatyp Sync="TRUE">Simple</efeatyp><efeageom Sync="TRUE">Label</efeageom><esritopo Sync="TRUE">FALSE</esritopo><efeacnt Sync="TRUE">88</efeacnt><spindex Sync="TRUE">FALSE</spindex><linrefer Sync="TRUE">FALSE</linrefer></esriterm><sdtsterm Name="label"><sdtstype Sync="TRUE">Label point</sdtstype><ptvctcnt Sync="TRUE">88</ptvctcnt></sdtsterm><esriterm Name="polygon"><efeatyp Sync="TRUE">Simple</efeatyp><efeageom Sync="TRUE">Polygon</efeageom><esritopo Sync="TRUE">TRUE</esritopo><efeacnt Sync="TRUE">88</efeacnt><spindex Sync="TRUE">FALSE</spindex><linrefer Sync="TRUE">FALSE</linrefer></esriterm><sdtsterm Name="polygon"><sdtstype Sync="TRUE">GT-polygon composed of chains</sdtstype><ptvctcnt Sync="TRUE">88</ptvctcnt></sdtsterm><esriterm Name="tic"><efeatyp Sync="TRUE">Simple</efeatyp><efeageom Sync="TRUE">Tic</efeageom><esritopo Sync="TRUE">FALSE</esritopo><efeacnt Sync="TRUE">4</efeacnt><spindex Sync="TRUE">FALSE</spindex><linrefer Sync="TRUE">FALSE</linrefer></esriterm><sdtsterm Name="tic"><sdtstype Sync="TRUE">Point</sdtstype><ptvctcnt Sync="TRUE">4</ptvctcnt></sdtsterm></ptvctinf></spdoinfo><spref><horizsys><cordsysn><geogcsn Sync="TRUE">GCS_WGS_1984</geogcsn></cordsysn><geograph><geogunit Sync="TRUE">Decimal degrees</geogunit><latres Sync="TRUE">0.000000</latres><longres Sync="TRUE">0.000000</longres></geograph><geodetic><horizdn Sync="TRUE">D_WGS_1984</horizdn><ellips Sync="TRUE">WGS_1984</ellips><semiaxis Sync="TRUE">6378137.000000</semiaxis><denflat Sync="TRUE">298.257224</denflat></geodetic></horizsys></spref><refSysInfo><RefSystem><refSysID><identCode Sync="TRUE">GCS_WGS_1984</identCode></refSysID></RefSystem></refSysInfo><spatRepInfo><VectSpatRep><topLvl><TopoLevCd Sync="TRUE" value="001"></TopoLevCd></topLvl><geometObjs Name="sm-national"><geoObjTyp><GeoObjTypCd Sync="TRUE" value="001"></GeoObjTypCd></geoObjTyp><geoObjCnt Sync="TRUE">1</geoObjCnt></geometObjs></VectSpatRep></spatRepInfo><eainfo><detailed Name="sm-national"><attr><attrlabl Sync="TRUE">FID</attrlabl><attalias Sync="TRUE">FID</attalias><attrtype Sync="TRUE">OID</attrtype><attwidth Sync="TRUE">4</attwidth><atprecis Sync="TRUE">0</atprecis><attscale Sync="TRUE">0</attscale><attrdef Sync="TRUE">Internal feature number.</attrdef><attrdefs Sync="TRUE">ESRI</attrdefs><attrdomv><udom Sync="TRUE">Sequential unique whole numbers that are automatically generated.</udom></attrdomv></attr><attr><attrlabl Sync="TRUE">Shape</attrlabl><attalias Sync="TRUE">Shape</attalias><attrtype Sync="TRUE">Geometry</attrtype><attwidth Sync="TRUE">0</attwidth><atprecis Sync="TRUE">0</atprecis><attscale Sync="TRUE">0</attscale><attrdef Sync="TRUE">Feature geometry.</attrdef><attrdefs Sync="TRUE">ESRI</attrdefs><attrdomv><udom Sync="TRUE">Coordinates defining the features.</udom></attrdomv></attr><enttyp><enttypl Sync="TRUE">sm-national</enttypl><enttypt Sync="TRUE">Feature Class</enttypt><enttypc Sync="TRUE">1</enttypc></enttyp><attr><attrlabl Sync="TRUE">COUNTRY</attrlabl><attalias Sync="TRUE">COUNTRY</attalias><attrtype Sync="TRUE">String</attrtype><attwidth Sync="TRUE">16</attwidth></attr></detailed><detailed Name="disbnd2s.pat"><enttyp><enttypl Sync="TRUE">disbnd2s.pat</enttypl><enttypt Sync="TRUE">Feature Class</enttypt><enttypc Sync="TRUE">88</enttypc></enttyp><attr><attrlabl Sync="TRUE">FID</attrlabl><attalias Sync="TRUE">FID</attalias><attrtype Sync="TRUE">OID</attrtype><attwidth Sync="TRUE">4</attwidth><atprecis Sync="TRUE">0</atprecis><attscale Sync="TRUE">0</attscale><attrdef Sync="TRUE">Internal feature number.</attrdef><attrdefs Sync="TRUE">ESRI</attrdefs><attrdomv><udom Sync="TRUE">Sequential unique whole numbers that are automatically generated.</udom></attrdomv></attr><attr><attrlabl Sync="TRUE">Shape</attrlabl><attalias Sync="TRUE">Shape</attalias><attrtype Sync="TRUE">Geometry</attrtype><attwidth Sync="TRUE">0</attwidth><atprecis Sync="TRUE">0</atprecis><attscale Sync="TRUE">0</attscale><attrdef Sync="TRUE">Feature geometry.</attrdef><attrdefs Sync="TRUE">ESRI</attrdefs><attrdomv><udom Sync="TRUE">Coordinates defining the features.</udom></attrdomv></attr><attr><attrlabl Sync="TRUE">AREA</attrlabl><attwidth Sync="TRUE">16</attwidth><atoutwid Sync="TRUE">12</atoutwid><attrtype Sync="TRUE">String</attrtype><attrdef Sync="TRUE">Area of feature in internal units squared.</attrdef><attrdefs Sync="TRUE">ESRI</attrdefs><attrdomv><udom Sync="TRUE">Positive real numbers that are automatically generated.</udom></attrdomv></attr><attr><attrlabl Sync="TRUE">PERIMETER</attrlabl><attwidth Sync="TRUE">9</attwidth><atoutwid Sync="TRUE">12</atoutwid><attrtype Sync="TRUE">Number</attrtype><attrdef Sync="TRUE">Perimeter of feature in internal units.</attrdef><attrdefs Sync="TRUE">ESRI</attrdefs><attrdomv><udom Sync="TRUE">Positive real numbers that are automatically generated.</udom></attrdomv></attr><attr><attrlabl Sync="TRUE">DISBND2S#</attrlabl><attwidth Sync="TRUE">24</attwidth><atoutwid Sync="TRUE">5</atoutwid><attrtype Sync="TRUE">String</attrtype><attrdef Sync="TRUE">Internal feature number.</attrdef><attrdefs Sync="TRUE">ESRI</attrdefs><attrdomv><udom Sync="TRUE">Sequential unique whole numbers that are automatically generated.</udom></attrdomv></attr><attr><attrlabl Sync="TRUE">DISBND2S-ID</attrlabl><attwidth Sync="TRUE">50</attwidth><atoutwid Sync="TRUE">5</atoutwid><attrtype Sync="TRUE">String</attrtype><attrdef Sync="TRUE">User-defined feature number.</attrdef><attrdefs Sync="TRUE">ESRI</attrdefs></attr><attr><attrlabl Sync="TRUE">RINGS_NOK</attrlabl><attwidth Sync="TRUE">50</attwidth><atoutwid Sync="TRUE">7</atoutwid><attrtype Sync="TRUE">String</attrtype></attr><attr><attrlabl Sync="TRUE">AA_</attrlabl><attwidth Sync="TRUE">20</attwidth><atoutwid Sync="TRUE">11</atoutwid><attrtype Sync="TRUE">String</attrtype></attr><attr><attrlabl Sync="TRUE">AA_ID</attrlabl><attwidth Sync="TRUE">250</attwidth><atoutwid Sync="TRUE">11</atoutwid><attrtype Sync="TRUE">String</attrtype></attr><attr><attrlabl Sync="TRUE">REG_NAME</attrlabl><attwidth Sync="TRUE">16</attwidth><atoutwid Sync="TRUE">24</atoutwid><attrtype Sync="TRUE">Number</attrtype></attr><attr><attrlabl Sync="TRUE">REG_CODE</attrlabl><attwidth Sync="TRUE">16</attwidth><atoutwid Sync="TRUE">4</atoutwid><attrtype Sync="TRUE">String</attrtype></attr><attr><attrlabl Sync="TRUE">DIST_NAME</attrlabl><attwidth Sync="TRUE">24</attwidth><atoutwid Sync="TRUE">24</atoutwid><attrtype Sync="TRUE">Character</attrtype></attr><attr><attrlabl Sync="TRUE">DIS_CODE</attrlabl><attwidth Sync="TRUE">8</attwidth><atoutwid Sync="TRUE">8</atoutwid><attrtype Sync="TRUE">Float</attrtype><atnumdec Sync="TRUE">0</atnumdec></attr></detailed></eainfo><mdDateSt Sync="TRUE">20061019</mdDateSt><mdContact><rpIndName>Craig von Hagen</rpIndName><rpOrgName>Food &amp; Agriculture Organisation - Somalia Water &amp; Land Information Management</rpOrgName><rpPosName>Spatial Data Coordinator</rpPosName><rpCntInfo><cntAddress><delPoint>PO Box 30470</delPoint><city>Nairobi</city><postCode>00100</postCode><eMailAdd>enquiries@faoswalim.org</eMailAdd><country>ke</country></cntAddress><cntPhone><voiceNum>+254 20 374 3454</voiceNum><faxNum>+254 20 374 3498</faxNum></cntPhone></rpCntInfo><role><RoleCd value="010"></RoleCd></role></mdContact><dqInfo><dataLineage><statement>The boundaries were first created by USAID/FEWS and modified by UNDP - Data &amp; Information Management Unit (DIMU) in 21/03/2001

This layer contains the first level (International) boundary at a 1:1,000,000 scale. The coverage is part of the Famine Early Warning System (FEWS)/Associates in Rural Development (ARD), African series.

The coastline was digitized from LANDSAT TM images at a scale of 1:50000 by DIMU. This coastline was then added to the boundaries and the original coastline amended.

Acknowledgement of USAID, FEWS, EDC-International Program, ADDS (Africa Data Dissemination Service), UNDP and the U.S Geological Survey would be appreciated in products derived from these data.

The source of the second (region) and third (district) level boundaries are from the Digital Chart of the World (DCW).

The names of the regions and Districts have been agreed upon by the Statistical Working Group at very high levels by statistical focal points from UN agencies, and Ministries from within the Transitional Federal government of Somalia. The names have also been endorsed by the Somalia Interagency Mapping and Coordination group (SIMaC).

This layer was compiled using the pre-war boundaries and the names adopted by this statistical working group.  Additional columns hold "alternate" spellings such as anglicized names.</statement></dataLineage><dqScope><scpLvl><ScopeCd value="005"></ScopeCd></scpLvl></dqScope></dqInfo><history><log><item><changeset>0</changeset><changetype>Data</changetype><user>SELF-FC5FB5F8D5\User</user><date>29/09/2009 10:01:59</date><comment></comment></item><item><changeset>1</changeset><changetype>Data</changetype><user>SELF-FC5FB5F8D5\User</user><date>29/09/2009 10:05:39</date><comment></comment></item><item><changeset>2</changeset><changetype>Data</changetype><user>SELF-FC5FB5F8D5\User</user><date>29/09/2009 10:31:00</date><comment></comment></item></log></history></metadata>
