<?xml version="1.0"?>
<!--<!DOCTYPE metadata SYSTEM "http://www.esri.com/metadata/esriprof80.dtd">-->
<metadata xml:lang="en"><Esri><CreaDate>20140616</CreaDate><CreaTime>14230000</CreaTime><SyncOnce>FALSE</SyncOnce><SyncDate>20070221</SyncDate><SyncTime>15284300</SyncTime><ModDate>20070221</ModDate><ModTime>15284300</ModTime><ArcGISstyle>ISO 19139 Metadata Implementation Specification</ArcGISstyle><DataProperties><itemProps><itemLocation><linkage Sync="TRUE">file://\\SO136\C$\Documents and Settings\support\Desktop\Shp fo CARE\Regional_capitals</linkage><protocol Sync="TRUE">Local Area Network</protocol></itemLocation></itemProps><copyHistory><copy source="C:\Documents and Settings\support\Desktop\Trainings\Basic GIS\Mxd package\Shapefiles\Regional_capitals" dest="\\SO136\C$\Documents and Settings\support\Desktop\Shp fo CARE\Regional_capitals" date="20140616" time="14230000"></copy></copyHistory></DataProperties></Esri><idinfo><native Sync="TRUE">Microsoft Windows XP Version 5.1 (Build 2600) Service Pack 2; ESRI ArcCatalog 9.2.0.1324</native><descript><langdata Sync="TRUE">en</langdata><abstract>REQUIRED: A brief narrative summary of the data set.</abstract><purpose>REQUIRED: A summary of the intentions with which the data set was developed.</purpose></descript><citation><citeinfo><origin>REQUIRED: The name of an organization or individual that developed the data set.</origin><pubdate>REQUIRED: The date when the data set is published or otherwise made available for release.</pubdate><title Sync="TRUE">dtwn012s</title><ftname Sync="TRUE">dtwn012s</ftname><geoform Sync="TRUE">vector digital data</geoform><onlink Sync="TRUE"></onlink></citeinfo></citation><timeperd><current>REQUIRED: The basis on which the time period of content information is determined.</current><timeinfo><sngdate><caldate>REQUIRED: The year (and optionally month, or month and day) for which the data set corresponds to the ground.</caldate></sngdate></timeinfo></timeperd><status><progress>REQUIRED: The state of the data set.</progress><update>REQUIRED: The frequency with which changes and additions are made to the data set after the initial data set is completed.</update></status><spdom><bounding><westbc Sync="TRUE">40.998291</westbc><eastbc Sync="TRUE">50.812229</eastbc><northbc Sync="TRUE">11.965310</northbc><southbc Sync="TRUE">-1.035370</southbc></bounding><lboundng><leftbc Sync="TRUE">40.998291</leftbc><rightbc Sync="TRUE">50.812229</rightbc><bottombc Sync="TRUE">-1.035370</bottombc><topbc Sync="TRUE">11.965310</topbc></lboundng></spdom><keywords><theme><themekt>REQUIRED: Reference to a formally registered thesaurus or a similar authoritative source of theme keywords.</themekt><themekey>REQUIRED: Common-use word or phrase used to describe the subject of the data set.</themekey></theme></keywords><accconst>REQUIRED: Restrictions and legal prerequisites for accessing the data set.</accconst><useconst>REQUIRED: Restrictions and legal prerequisites for using the data set after access is granted.</useconst><natvform Sync="TRUE">ArcInfo Coverage</natvform></idinfo><dataIdInfo><envirDesc Sync="TRUE">Microsoft Windows XP Version 5.1 (Build 2600) Service Pack 2; ESRI ArcCatalog 9.2.0.1324</envirDesc><dataLang><languageCode Sync="TRUE" value="en"></languageCode></dataLang><idCitation><resTitle>Somalia District Towns</resTitle><presForm><PresFormCd Sync="TRUE" value="005"></PresFormCd></presForm><resEdDate>20010322</resEdDate><resRefDate><refDate>20001201</refDate><refDateType><DateTypCd value="001"></DateTypCd></refDateType></resRefDate><citRespParty><rpIndName>Craig von Hagen</rpIndName><rpOrgName>FAO-SWALIM</rpOrgName><rpPosName>GIS Expert</rpPosName><role><RoleCd value="010"></RoleCd></role><rpCntInfo><cntAddress><delPoint>PO Box 30470</delPoint><city>Nairobi</city><postCode>00100</postCode><eMailAdd>cvonhagen@faoswalim.org</eMailAdd><country>ke</country></cntAddress><cntPhone><voiceNum>+254 20 3743454</voiceNum><faxNum>+254 20 3743498</faxNum></cntPhone></rpCntInfo></citRespParty><citRespParty><rpIndName>James Kimathi Geoffrey</rpIndName><rpOrgName>UNITED NATIONS DEVELOPMENT PROGRAMME (UNDP) SOMALIA</rpOrgName><rpPosName>Contact</rpPosName><rpCntInfo><cntAddress><delPoint>P.O.  BOX  28832</delPoint><city>Nairobi</city><eMailAdd>Kimathi.geoffrey@undp.org</eMailAdd><country>ke</country></cntAddress><cntPhone><voiceNum>+254-02-4448434-8 Ext. 155</voiceNum><faxNum>+254-02-4448439</faxNum></cntPhone></rpCntInfo><role><RoleCd value="007"></RoleCd></role></citRespParty><resRefDate><refDate>20010322</refDate><refDateType><DateTypCd value="003"></DateTypCd></refDateType></resRefDate><resRefDate><refDate>20010322</refDate><refDateType><DateTypCd value="002"></DateTypCd></refDateType></resRefDate></idCitation><spatRpType><SpatRepTypCd Sync="TRUE" value="001"></SpatRepTypCd></spatRpType><dataExt><geoEle><GeoBndBox esriExtentType="native"><westBL Sync="TRUE">40.998291</westBL><eastBL Sync="TRUE">50.812229</eastBL><northBL Sync="TRUE">11.96531</northBL><southBL Sync="TRUE">-1.03537</southBL><exTypeCode Sync="TRUE">1</exTypeCode></GeoBndBox></geoEle><tempEle><TempExtent><exTemp><TM_GeometricPrimitive><TM_Period><begin>19760101</begin><end>20010322</end></TM_Period></TM_GeometricPrimitive></exTemp></TempExtent></tempEle></dataExt><geoBox esriExtentType="decdegrees"><westBL Sync="TRUE">40.998291</westBL><eastBL Sync="TRUE">50.812229</eastBL><northBL Sync="TRUE">11.96531</northBL><southBL Sync="TRUE">-1.03537</southBL><exTypeCode Sync="TRUE">1</exTypeCode></geoBox><idAbs>DATA AND INFORMATION MANAGEMENT UNIT (DIMU)
ORGANIZATION: UNITED NATIONS DEVELOPMENT PROGRAMME (UNDP SOMALIA)
MODIFIED BY: DATA AND INFORMATION MANAGEMENT UNIT
UNDP SOMALIA
MODIFICATION DATES: 22/03/2001

The settlements where digitized from Somalia topographic maps at a scale of 1: 100,000. The maps were produced by stereo photography using aerial photography 1974.Printed 1976 by Bureau of cartography, Ministry of Defence, Somalia Democratic government. 

Reprinted by Canadian Forces Mapping and Charting Establishment from reprographic material of native Somalia mapping by the British Director of Military Survey.

Other settlements were collated from gazetteer data ( Defense Mapping Agency USA) and UNDOS, populations surveys 1997/98 of N.W Somalia- Middle and lower Shabelle.

STATUS	COMPLETE

TABLES
SOURCE: DATA AND INFORMATION MANAGEMENT UNIT UNDP SOMALIA
SOURCE PUBLICATION DATE: 2000
ATTRIBUTE RELIABILITY: Good
STATUS:	 COMPLETE

FIELDS DESCRIPTION
SETT_ID	Internal Feature Number
HUTS	Number of huts in a settlement
HOUSES	Number of houses in a settlement
NAME	Name of the settlement
PCODE	Alphanumeric coding system for coding the settlements based on the region and district they belong to.
CODE	Code assigned to the settlements to classify them.
Code definition
1  = Settlement
5  = Other town
10 = District town
100 = Regional Capital
1000 = Capital town
REG_CODE	Codes assigned to the regions.
From 1 to 17
REGION	Name of the region
DISTRICT	Name of the district
SOURCE	Source of the settlement either gazetteer, topomap or survey.
PPRWARES	Population pre-war estimated using number of nomadic huts.
PPRWANS	Population pre-war estimated using number of houses.
TOP_POP	Population from the topomaps.
SUR_POP	Field Survey populations.
X COOD	X coordinate of the settlement or the easting
Y COOD	Y coordinate of the settlement or the northing.</idAbs><tpCat><TopicCatCd value="003"></TopicCatCd></tpCat><tpCat><TopicCatCd value="016"></TopicCatCd></tpCat><resMaint><maintFreq><MaintFreqCd value="011"></MaintFreqCd></maintFreq></resMaint><resConst><Consts><useLimit>Positional accuracy has not been verified but should be in the order of 50-100 metres</useLimit></Consts></resConst><dataScale><equScale><rfDenom>1,000,000/100,000</rfDenom></equScale></dataScale><descKeys KeyTypCd="005"><keyTyp><KeyTypCd value="005"></KeyTypCd></keyTyp><keyword>settlements</keyword><keyword>population</keyword><keyword>villages</keyword><keyword>towns</keyword></descKeys><descKeys KeyTypCd="002"><keyTyp><KeyTypCd value="002"></KeyTypCd></keyTyp><keyword>Somalia</keyword><keyword>Horn of Africa</keyword><keyword>East Africa</keyword></descKeys><idPoC Sync="TRUE"><rpIndName Sync="TRUE">James Kimathi Geoffrey</rpIndName><rpOrgName Sync="TRUE">UNITED NATIONS DEVELOPMENT PROGRAMME (UNDP) SOMALIA</rpOrgName><rpPosName Sync="TRUE">Contact</rpPosName><rpCntInfo><cntPhone><voiceNum Sync="TRUE">+254-02-4448434-8 Ext. 155</voiceNum><faxNum Sync="TRUE">+254-02-4448439</faxNum></cntPhone><cntAddress><delPoint Sync="TRUE">P.O.  BOX  28832</delPoint><city Sync="TRUE">Nairobi</city><country Sync="TRUE">ke</country><eMailAdd Sync="TRUE">Kimathi.geoffrey@undp.org</eMailAdd></cntAddress></rpCntInfo><role><RoleCd Sync="TRUE" value="007"></RoleCd></role></idPoC></dataIdInfo><metainfo><langmeta Sync="TRUE">en</langmeta><metstdn Sync="TRUE">FGDC Content Standards for Digital Geospatial Metadata</metstdn><metstdv Sync="TRUE">FGDC-STD-001-1998</metstdv><mettc Sync="TRUE">local time</mettc><metc><cntinfo><cntorgp><cntper>REQUIRED: The person responsible for the metadata information.</cntper><cntorg>REQUIRED: The organization responsible for the metadata information.</cntorg></cntorgp><cntaddr><addrtype>REQUIRED: The mailing and/or physical address for the organization or individual.</addrtype><city>REQUIRED: The city of the address.</city><state>REQUIRED: The state or province of the address.</state><postal>REQUIRED: The ZIP or other postal code of the address.</postal></cntaddr><cntvoice>REQUIRED: The telephone number by which individuals can speak to the organization or individual.</cntvoice></cntinfo></metc><metd Sync="TRUE">20070221</metd><metextns><onlink Sync="TRUE">http://www.esri.com/metadata/esriprof80.html</onlink><metprof Sync="TRUE">ESRI Metadata Profile</metprof></metextns></metainfo><mdLang><languageCode Sync="TRUE" value="en"></languageCode></mdLang><mdStanName Sync="TRUE">ISO 19115 Geographic Information - Metadata</mdStanName><mdStanVer Sync="TRUE">DIS_ESRI1.0</mdStanVer><mdChar><CharSetCd Sync="TRUE" value="004"></CharSetCd></mdChar><mdHrLv><ScopeCd Sync="TRUE" value="005"></ScopeCd></mdHrLv><mdHrLvName Sync="TRUE">dataset</mdHrLvName><distinfo><resdesc Sync="TRUE">Downloadable Data</resdesc><stdorder><digform><digtinfo><transize Sync="TRUE">0.037</transize><dssize Sync="TRUE">0.037</dssize></digtinfo></digform></stdorder></distinfo><distInfo><distributor><distorTran><onLineSrc><orDesc>003</orDesc><linkage Sync="TRUE">file://</linkage><protocol Sync="TRUE">Local Area Network</protocol><orFunct><OnFunctCd value="002"></OnFunctCd></orFunct></onLineSrc><transSize Sync="TRUE">0.037</transSize><offLineMed><medName><MedNameCd value="001"></MedNameCd></medName></offLineMed></distorTran><distorFormat><formatName Sync="TRUE">ArcInfo Coverage</formatName><formatVer>ArcGIS 9</formatVer></distorFormat><distorCont><rpIndName>Craig von Hagen</rpIndName><rpOrgName>FAO-SWALIM</rpOrgName><rpPosName>GIS Expert</rpPosName><rpCntInfo><cntAddress><delPoint>PO Box 30470</delPoint><city>Nairobi</city><postCode>00100</postCode><eMailAdd>cvonhagen@faoswalim.org</eMailAdd><country>ke</country></cntAddress><cntPhone><voiceNum>+254 20 3743454</voiceNum><faxNum>+254 20 3743498</faxNum></cntPhone></rpCntInfo></distorCont><distorOrdPrc><ordInstr>Contact enquiries@faoswalim.org</ordInstr><resFees>N/A</resFees><ordTurn>7 days</ordTurn></distorOrdPrc></distributor></distInfo><spdoinfo><direct Sync="TRUE">Vector</direct><ptvctinf><esriterm Name="point"><efeatyp Sync="TRUE">Simple</efeatyp><efeageom Sync="TRUE">Point</efeageom><esritopo Sync="TRUE">FALSE</esritopo><efeacnt Sync="TRUE">74</efeacnt><spindex Sync="TRUE">FALSE</spindex><linrefer Sync="TRUE">FALSE</linrefer></esriterm><sdtsterm Name="point"><sdtstype Sync="TRUE">Entity point</sdtstype><ptvctcnt Sync="TRUE">74</ptvctcnt></sdtsterm><esriterm Name="tic"><efeatyp Sync="TRUE">Simple</efeatyp><efeageom Sync="TRUE">Tic</efeageom><esritopo Sync="TRUE">FALSE</esritopo><efeacnt Sync="TRUE">4</efeacnt><spindex Sync="TRUE">FALSE</spindex><linrefer Sync="TRUE">FALSE</linrefer></esriterm><sdtsterm Name="tic"><sdtstype Sync="TRUE">Point</sdtstype><ptvctcnt Sync="TRUE">4</ptvctcnt></sdtsterm></ptvctinf></spdoinfo><spref><horizsys><cordsysn><geogcsn Sync="TRUE">GCS_WGS_1984</geogcsn></cordsysn><geograph><geogunit Sync="TRUE">Decimal degrees</geogunit><latres Sync="TRUE">0.000000</latres><longres Sync="TRUE">0.000000</longres></geograph><geodetic><horizdn Sync="TRUE">D_WGS_1984</horizdn><ellips Sync="TRUE">WGS_1984</ellips><semiaxis Sync="TRUE">6378137.000000</semiaxis><denflat Sync="TRUE">298.257224</denflat></geodetic></horizsys></spref><refSysInfo><RefSystem><refSysID><identCode Sync="TRUE">GCS_WGS_1984</identCode></refSysID></RefSystem></refSysInfo><spatRepInfo><VectSpatRep><topLvl><TopoLevCd Sync="TRUE" value="001"></TopoLevCd></topLvl><geometObjs Name="point"><geoObjTyp><GeoObjTypCd Sync="TRUE" value="004"></GeoObjTypCd></geoObjTyp><geoObjCnt Sync="TRUE">74</geoObjCnt></geometObjs><geometObjs Name="tic"><geoObjTyp><GeoObjTypCd Sync="TRUE" value="004"></GeoObjTypCd></geoObjTyp><geoObjCnt Sync="TRUE">4</geoObjCnt></geometObjs></VectSpatRep></spatRepInfo><eainfo><detailed Name="dtwn012s.pat"><enttyp><enttypl Sync="TRUE">dtwn012s.pat</enttypl><enttypt Sync="TRUE">Feature Class</enttypt><enttypc Sync="TRUE">74</enttypc></enttyp><attr><attrlabl Sync="TRUE">FID</attrlabl><attalias Sync="TRUE">FID</attalias><attrtype Sync="TRUE">OID</attrtype><attwidth Sync="TRUE">4</attwidth><atprecis Sync="TRUE">0</atprecis><attscale Sync="TRUE">0</attscale><attrdef Sync="TRUE">Internal feature number.</attrdef><attrdefs Sync="TRUE">ESRI</attrdefs><attrdomv><udom Sync="TRUE">Sequential unique whole numbers that are automatically generated.</udom></attrdomv></attr><attr><attrlabl Sync="TRUE">Shape</attrlabl><attalias Sync="TRUE">Shape</attalias><attrtype Sync="TRUE">Geometry</attrtype><attwidth Sync="TRUE">0</attwidth><atprecis Sync="TRUE">0</atprecis><attscale Sync="TRUE">0</attscale><attrdef Sync="TRUE">Feature geometry.</attrdef><attrdefs Sync="TRUE">ESRI</attrdefs><attrdomv><udom Sync="TRUE">Coordinates defining the features.</udom></attrdomv></attr><attr><attrlabl Sync="TRUE">AREA</attrlabl><attalias Sync="TRUE">HOUSES</attalias><attrtype Sync="TRUE">Float</attrtype><attwidth Sync="TRUE">4</attwidth><atoutwid Sync="TRUE">12</atoutwid><atnumdec Sync="TRUE">3</atnumdec><attrdef Sync="TRUE">Area of feature in internal units squared.</attrdef><attrdefs Sync="TRUE">ESRI</attrdefs><attrdomv><udom Sync="TRUE">Area is always zero for point coverages.  Values are automatically generated.</udom></attrdomv></attr><attr><attrlabl Sync="TRUE">PERIMETER</attrlabl><attalias Sync="TRUE">NAME</attalias><attrtype Sync="TRUE">Float</attrtype><attwidth Sync="TRUE">4</attwidth><atoutwid Sync="TRUE">12</atoutwid><atnumdec Sync="TRUE">3</atnumdec><attrdef Sync="TRUE">Perimeter of feature in internal units.</attrdef><attrdefs Sync="TRUE">ESRI</attrdefs><attrdomv><udom Sync="TRUE">Perimeter is always zero for point coverages.  Values are automatically generated.</udom></attrdomv></attr><attr><attrlabl Sync="TRUE">DTWN012S#</attrlabl><attalias Sync="TRUE">PCODE</attalias><attrtype Sync="TRUE">Binary</attrtype><attwidth Sync="TRUE">4</attwidth><atoutwid Sync="TRUE">5</atoutwid><attrdef Sync="TRUE">Internal feature number.</attrdef><attrdefs Sync="TRUE">ESRI</attrdefs><attrdomv><udom Sync="TRUE">Sequential unique whole numbers that are automatically generated.</udom></attrdomv></attr><attr><attrlabl Sync="TRUE">DTWN012S-ID</attrlabl><attalias Sync="TRUE">CODE</attalias><attrtype Sync="TRUE">Binary</attrtype><attwidth Sync="TRUE">4</attwidth><atoutwid Sync="TRUE">5</atoutwid><attrdef Sync="TRUE">User-defined feature number.</attrdef><attrdefs Sync="TRUE">ESRI</attrdefs></attr><attr><attrlabl Sync="TRUE">ID</attrlabl><attalias Sync="TRUE">REG_CODE</attalias><attrtype Sync="TRUE">Float</attrtype><attwidth Sync="TRUE">8</attwidth><atoutwid Sync="TRUE">11</atoutwid><atnumdec Sync="TRUE">0</atnumdec></attr><attr><attrlabl Sync="TRUE">SETT_</attrlabl><attalias Sync="TRUE">REGION</attalias><attrtype Sync="TRUE">Float</attrtype><attwidth Sync="TRUE">8</attwidth><atoutwid Sync="TRUE">11</atoutwid><atnumdec Sync="TRUE">0</atnumdec></attr><attr><attrlabl Sync="TRUE">SETT_ID</attrlabl><attalias Sync="TRUE">DISTRICT</attalias><attrtype Sync="TRUE">Float</attrtype><attwidth Sync="TRUE">8</attwidth><atoutwid Sync="TRUE">11</atoutwid><atnumdec Sync="TRUE">0</atnumdec></attr><attr><attrlabl Sync="TRUE">HUTS</attrlabl><attalias Sync="TRUE">SOURCE</attalias><attrtype Sync="TRUE">Float</attrtype><attwidth Sync="TRUE">8</attwidth><atoutwid Sync="TRUE">8</atoutwid><atnumdec Sync="TRUE">0</atnumdec></attr><attr><attrlabl Sync="TRUE">HOUSES</attrlabl><attalias Sync="TRUE">PPRWARES</attalias><attrtype Sync="TRUE">Float</attrtype><attwidth Sync="TRUE">8</attwidth><atoutwid Sync="TRUE">8</atoutwid><atnumdec Sync="TRUE">0</atnumdec></attr><attr><attrlabl Sync="TRUE">NAME</attrlabl><attalias Sync="TRUE">PPRWANRS</attalias><attrtype Sync="TRUE">Character</attrtype><attwidth Sync="TRUE">27</attwidth><atoutwid Sync="TRUE">27</atoutwid></attr><attr><attrlabl Sync="TRUE">PCODE</attrlabl><attalias Sync="TRUE">TOP_POP</attalias><attrtype Sync="TRUE">Character</attrtype><attwidth Sync="TRUE">9</attwidth><atoutwid Sync="TRUE">9</atoutwid></attr><attr><attrlabl Sync="TRUE">CODE</attrlabl><attalias Sync="TRUE">SUR_POP</attalias><attrtype Sync="TRUE">Float</attrtype><attwidth Sync="TRUE">8</attwidth><atoutwid Sync="TRUE">8</atoutwid><atnumdec Sync="TRUE">0</atnumdec></attr><attr><attrlabl Sync="TRUE">REG_CODE</attrlabl><attalias Sync="TRUE">PARTS</attalias><attrtype Sync="TRUE">Float</attrtype><attwidth Sync="TRUE">8</attwidth><atoutwid Sync="TRUE">8</atoutwid><atnumdec Sync="TRUE">0</atnumdec></attr><attr><attrlabl Sync="TRUE">REGION</attrlabl><attalias Sync="TRUE">X_COORD</attalias><attrtype Sync="TRUE">Character</attrtype><attwidth Sync="TRUE">25</attwidth><atoutwid Sync="TRUE">25</atoutwid></attr><attr><attrlabl Sync="TRUE">DISTRICT</attrlabl><attalias Sync="TRUE">Y_COORD</attalias><attrtype Sync="TRUE">Character</attrtype><attwidth Sync="TRUE">20</attwidth><atoutwid Sync="TRUE">20</atoutwid></attr><attr><attrlabl Sync="TRUE">SOURCE</attrlabl><attwidth Sync="TRUE">10</attwidth><atoutwid Sync="TRUE">10</atoutwid><attrtype Sync="TRUE">Character</attrtype></attr><attr><attrlabl Sync="TRUE">PPRWARES</attrlabl><attwidth Sync="TRUE">4</attwidth><atoutwid Sync="TRUE">6</atoutwid><attrtype Sync="TRUE">Binary</attrtype></attr><attr><attrlabl Sync="TRUE">PPRWANRS</attrlabl><attwidth Sync="TRUE">4</attwidth><atoutwid Sync="TRUE">6</atoutwid><attrtype Sync="TRUE">Binary</attrtype><atnumdec Sync="TRUE">5</atnumdec></attr><attr><attrlabl Sync="TRUE">TOP_POP</attrlabl><attwidth Sync="TRUE">4</attwidth><atoutwid Sync="TRUE">6</atoutwid><attrtype Sync="TRUE">Binary</attrtype><atnumdec Sync="TRUE">5</atnumdec></attr><attr><attrlabl Sync="TRUE">SUR_POP</attrlabl><attwidth Sync="TRUE">4</attwidth><atoutwid Sync="TRUE">6</atoutwid><attrtype Sync="TRUE">Binary</attrtype></attr><attr><attrlabl Sync="TRUE">PARTS</attrlabl><attwidth Sync="TRUE">8</attwidth><atoutwid Sync="TRUE">11</atoutwid><attrtype Sync="TRUE">Float</attrtype><atnumdec Sync="TRUE">0</atnumdec></attr><attr><attrlabl Sync="TRUE">X_COORD</attrlabl><attwidth Sync="TRUE">8</attwidth><atoutwid Sync="TRUE">18</atoutwid><attrtype Sync="TRUE">Float</attrtype><atnumdec Sync="TRUE">5</atnumdec></attr><attr><attrlabl Sync="TRUE">Y_COORD</attrlabl><attwidth Sync="TRUE">8</attwidth><atoutwid Sync="TRUE">18</atoutwid><attrtype Sync="TRUE">Float</attrtype><atnumdec Sync="TRUE">5</atnumdec></attr></detailed></eainfo><mdDateSt Sync="TRUE">20070221</mdDateSt><mdContact><rpIndName>Craig von Hagen</rpIndName><rpOrgName>FAO-SWALIM</rpOrgName><rpPosName>GIS Expert</rpPosName><rpCntInfo><cntAddress><delPoint>PO Box 30470</delPoint><city>Nairobi</city><postCode>00100</postCode><eMailAdd>cvonhagen@faoswalim.org</eMailAdd><country>ke</country></cntAddress><cntPhone><voiceNum>+254 20 3743454</voiceNum><faxNum>+254 20 3743498</faxNum></cntPhone></rpCntInfo><role><RoleCd value="010"></RoleCd></role></mdContact><dqInfo><dataLineage><statement>The settlements where digitized from Somalia topographic maps at a scale of 1: 100,000. The maps where produced by stereo photography using aerial photography 1974.Printed 1976 by Bureau of cartography, Ministry of Defence, Somalia Democratic government. 
Reprinted by Canadian Forces Mapping and Charting Establishment from reprographic material of native Somalia mapping by the British Director of Military Survey.
Other settlements were collated from gazetteer data ( Defense Mapping Agency USA) and UNDOS, populations surveys 1997/98 of N.W Somalia- Middle and lower Shabelle.
</statement></dataLineage><dqScope><scpLvl><ScopeCd value="005"></ScopeCd></scpLvl></dqScope></dqInfo><dataqual><lineage><procstep><procdesc Sync="TRUE">Dataset copied.</procdesc><srcused Sync="TRUE">c:\gis\data\dataset\04_admnstr\deg-scale\dtwn012s</srcused><date Sync="TRUE">20060202</date><time Sync="TRUE">11440600</time></procstep><procstep><procdesc Sync="TRUE">Dataset copied.</procdesc><srcused Sync="TRUE"></srcused><date Sync="TRUE">20070314</date><time Sync="TRUE">14452700</time></procstep><procstep><procdesc Sync="TRUE">Dataset copied.</procdesc><srcused Sync="TRUE"></srcused><date Sync="TRUE">20070920</date><time Sync="TRUE">15233900</time></procstep></lineage></dataqual></metadata>
