<?xml version="1.0"?>
<!--<!DOCTYPE metadata SYSTEM "http://www.esri.com/metadata/esriprof80.dtd">-->
<metadata xml:lang="en"><Esri><CreaDate>20140616</CreaDate><CreaTime>14230300</CreaTime><SyncOnce>TRUE</SyncOnce><DataProperties><lineage><Process ToolSource="C:\Program Files\ArcGIS\ArcToolbox\Toolboxes\Data Management Tools.tbx\DefineProjection" Date="20111115" Time="113233">DefineProjection Settlements_OCHA GEOGCS['GCS_WGS_1984',DATUM['D_WGS_1984',SPHEROID['WGS_1984',6378137.0,298.257223563]],PRIMEM['Greenwich',0.0],UNIT['Degree',0.0174532925199433]] Settlements_OCHA</Process></lineage><itemProps><itemLocation><linkage Sync="TRUE">file://\\SO136\C$\Documents and Settings\support\Desktop\Shp fo CARE\Settlements</linkage><protocol Sync="TRUE">Local Area Network</protocol></itemLocation></itemProps><copyHistory><copy source="C:\Documents and Settings\support\Desktop\Trainings\Basic GIS\Mxd package\Shapefiles\Settlements" dest="\\SO136\C$\Documents and Settings\support\Desktop\Shp fo CARE\Settlements" date="20140616" time="14230300"></copy></copyHistory></DataProperties><ArcGISstyle>ISO 19139 Metadata Implementation Specification</ArcGISstyle></Esri><idinfo><citation><citeinfo><onlink Sync="TRUE">\\SO116\E\Requests 2012\Trainings\Basic GIS\Mxd package\Shapefiles\Settlements_OCHA_2011</onlink></citeinfo></citation></idinfo><distInfo><distributor><distorTran><onLineSrc><linkage Sync="TRUE">file://\\SO116\E\Requests 2012\Trainings\Basic GIS\Mxd package\Shapefiles\Settlements_OCHA_2011</linkage><protocol Sync="TRUE">Local Area Network</protocol></onLineSrc></distorTran></distributor></distInfo><dataqual><lineage><procstep><procdesc Sync="TRUE">Dataset copied.</procdesc><srcused Sync="TRUE">Z:\GIS\DATA\DATASET\04_ADMNSTR\DEG-Scale\Settlements_OCHA_2011</srcused><procdate Sync="TRUE">20120821</procdate><proctime Sync="TRUE">10495800</proctime></procstep></lineage></dataqual></metadata>
