Code;Longname;BusinessKey;ShortName;TextDescription
OM1;Eradicate Extreme Poverty and Hunger;OM1;Eradicate Extreme Poverty and Hunger;The Ministry of Agriculture formulated the Strategy for Revitalizing Agriculture (2004-2014) and developed a Strategic Plan (2008-2012) both of which put forward fairly elaborate interventions that could contribute very substantially to improved agricultural productivity at the household level thereby touching positively the food security of the poor.
OM2;Achieve Universal Primary Education;OM2;Achieve Universal Primary Education;Enrolment in both public and private schools increased by 2.3% from 8.6 million in 2008 to 8.8 million in 2009. The gross enrolment rate (GER) rose from 109.8% in 2008 to 110% in the year 2009. The net enrolment rate (NER) rose slightly from 92.5% in 2008 to 92.9% in 2009. There has been a consistent improvement of NER from 2005 to 2009. This is attributed to the introduction of the Free Primary Education which enabled children to begin schooling at the right school going age.
OM3;Gender Equality and Women Empowerment;OM3;Gender Equality and Women Empowerment;The government's commitment to invest in social services to improve the welfare of the population has been consistent in the past 8 years. The total social sector expenditure increased by 19.8 per cent from KES 197,537.4 million in the 2008/09 to KES 236,578.7 million in the 2009/10 Financial Year. The ministry of Gender, Children and Social Services recorded the highest increase in expenditure of 82.3 per cent. The central government expenditure on social services in regard to Gender increased from KES 1,421.42 in 2008/09 to 3,049.36 million in the 2009/10 FY. The new constitution inaugurated in 2010 provides for 30% representation of women in all elected and public offices.
OM4;Reduce child mortality;OM4;Reduce child mortality;Government launched a Child Survival and development Strategy that is budgeted in 2009 as an effort to accelerate child survival and provide a framework to improve indicators for children. The strategy is guided by the National Health Sector Strategic Plan II (NHSSP II) and the Vision 2030 Medium Term Plan that aim to reduce inequalities in the health care services and improve on the child health indicators.
OM5;Improve maternal health;OM5;Improve maternal health;Maternal mortality in Kenya has remained unacceptably high at 488 maternal deaths per 100,000 live births (with some regions reporting MMRs of 1,000/100,000 live births) in 2008/9, an increase from 414/100,000 in 2003, 590/100,000 in 1998. Most maternal deaths are due to causes directly related to pregnancy and childbirth unsafe abortion and obstetric complications such as severe bleeding, infection, hypertensive disorders, and obstructed labor. Others are due to causes such as malaria, diabetes, hepatitis, and anaemia, which are aggravated by pregnancy.
OM6;Combat HIV/AIDS, malaria and other diseases;OM6;Combat HIV/AIDS, malaria and other diseases;"Recent studies indicate that whereas Kenya has made significant progress in the fight against HIV/AIDS, the national prevalence rates still raise concern.. The KDHS 2008/09 states that ""in Kenya, HIV prevalence has not changed significantly in the past five years. The HIV prevalence is 6.3% for women and men aged 15-49, compared with 6.7% in the 2003 KDHS and 7.4% in the 2007 Kenya AIDS Indicator Survey""."
OM7;Ensure environmental sustainability;OM7;Ensure environmental sustainability;The Environmental Management and Coordination Act (EMCA) of 1999 provides a comprehensive legislative framework for the management of the environment in the country. The legislation provided for the creation of the National Environment Management Authority (NEMA), a competent authority mandated to safeguard and enhance environmental quality through coordination, research, facilitation and enforcement. The organization has an important responsibility coordinating the preparation of Environmental Action Plans (EAPs) at district, provincial and national levels. The country has also ratified and domesticated various multilateral environmental agreements.
OM8;Develop a global partnership for development;OM8;Develop a global artnership for development;The MDG goal 8 on developing a global partnership for development gives international trade indicators that are intended to improve market access of developing countries and least developed countries' exports to the developed economy markets. Trade has increasingly become the cornerstone of the Kenya's economic development in the 21st century. Kenya's trade share of GDP in 2007 stood at about 55.4%. In 2007, merchandize trade contributed about 60.6% of total exports while services constituted about 38.8%. Trade in services also continues to be critical in Kenya's quest for sustainable economic growth and development. In 2007, services accounted for about 60% of Kenya's GDP with leading contributors being Transport and communication, postal and telecommunications, and wholesale and retail trade.
